5uppps             ,   0 ,   0 ,   0 ,   0 ,   0 ,   0 ,   0 ,   0 ,   0 ,   0 ,   0 ,   0 ,   0 ,   0 ,1829 ,2016 ,1549 ,2155 ,   0 ,2966 ,2604 ,   0 ,   0 ,1646 ,2364 ,2657 ,0 ,   0 ,2530 ,1843 ,2107 ,   0 ,   0 ,2404
aimsey             ,   0 ,   0 ,   0 ,   0 ,   0 ,   0 ,   0 ,   0 ,   0 ,   0 ,   0 ,   0 ,   0 ,   0 ,   0 ,   0 ,   0 ,   0 ,   0 ,   0 ,   0 ,   0 ,1097 ,1369 ,1583 ,1405 ,0 ,1399 ,1617 ,1696 ,   0 ,1683 ,1714 ,1987
Antfrost           ,   0 ,   0 ,   0 ,   0 ,   0 ,   0 ,   0 ,   0 ,   0 ,   0 ,   0 ,   0 ,   0 ,   0 ,2155 ,2677 ,2372 ,2551 ,   0 ,3183 ,2019 ,   0 ,2982 ,   0 ,2763 ,2594 ,0 ,2856 ,2871 ,3307 ,   0 ,3340 ,   0 ,2485
AntVenom           ,   0 ,   0 ,   0 ,   0 ,   0 ,   0 ,   0 ,   0 ,   0 ,   0 ,   0 ,   0 ,   0 ,   0 ,   0 ,   0 ,   0 ,   0 ,   0 ,   0 ,   0 ,   0 ,   0 ,1212 ,1723 ,   0 ,0 ,   0 ,   0 ,   0 ,1805 ,1940 ,1679 ,   0
Asnazum            ,   0 ,   0 ,   0 ,   0 ,   0 ,   0 ,   0 ,   0 ,   0 , 561 ,   0 ,   0 ,   0 ,   0 ,   0 ,   0 ,   0 ,   0 ,   0 ,   0 ,   0 ,   0 ,   0 ,   0 ,   0 ,   0 ,0 ,   0 ,   0 ,   0 ,   0 ,   0 ,   0 ,   0
awesamdude         ,   0 ,   0 ,   0 ,   0 ,   0 ,   0 ,   0 ,   0 ,   0 ,   0 ,   0 ,   0 ,   0 ,   0 ,   0 ,   0 ,   0 ,1589 ,2294 ,1932 ,1496 ,2501 ,   0 ,   0 ,2024 ,   0 ,0 ,1953 ,1953 ,1851 ,   0 ,   0 ,   0 ,1886
BadBoyHalo         ,   0 ,   0 ,   0 ,   0 ,   0 ,   0 ,   0 ,   0 ,   0 ,   0 ,   0 ,   0 ,   0 ,1449 ,   0 ,2312 ,   0 ,   0 ,   0 ,   0 ,1423 ,   0 ,1762 ,1826 ,   0 ,1922 ,0 ,1805 ,   0 ,   0 ,1532 ,   0 ,   0 ,1343
BajanCanadian      ,   0 ,   0 ,   0 ,   0 ,   0 ,   0 ,   0 ,   0 ,   0 ,   0 ,   0 ,   0 ,   0 ,   0 ,   0 ,   0 ,   0 ,   0 ,   0 ,   0 ,   0 ,   0 ,   0 ,   0 ,   0 ,   0 ,0 ,   0 ,   0 ,   0 ,   0 ,   0 ,   0 , 920
BBPaws             ,1665 ,1059 ,   0 ,1401 ,   0 ,   0 ,   0 ,   0 ,   0 ,   0 ,   0 ,   0 ,   0 ,   0 ,   0 ,   0 ,   0 ,   0 ,   0 ,   0 ,   0 ,   0 ,   0 ,   0 ,   0 ,   0 ,0 ,   0 ,   0 ,   0 ,   0 ,   0 ,   0 ,   0
bekyamon           ,   0 ,   0 ,   0 ,   0 ,   0 ,   0 ,   0 ,   0 ,   0 ,   0 ,   0 ,   0 ,   0 ,   0 ,   0 ,   0 ,   0 ,   0 ,   0 ,   0 ,   0 ,   0 ,   0 ,   0 ,   0 ,   0 ,0 ,1932 ,1747 ,1756 ,1674 ,1883 ,1283 ,   0
Bitzel             ,   0 ,   0 ,2249 ,   0 ,   0 ,2372 ,   0 ,   0 ,   0 ,   0 ,   0 ,   0 ,   0 ,   0 ,   0 ,   0 ,   0 ,   0 ,   0 ,   0 ,   0 ,   0 ,   0 ,   0 ,   0 ,   0 ,0 ,   0 ,   0 ,   0 ,   0 ,   0 ,   0 ,   0
Blushi             ,   0 ,   0 ,   0 ,   0 ,   0 ,   0 ,   0 ,   0 ,   0 ,   0 ,   0 ,   0 ,   0 ,   0 ,   0 ,   0 ,   0 ,   0 ,   0 ,   0 ,   0 ,1313 ,1401 ,   0 ,1613 ,1748 ,0 ,   0 ,   0 ,   0 ,   0 ,   0 ,   0 ,   0
Calvin             ,   0 ,   0 ,2398 ,3042 ,   0 ,   0 ,   0 ,1917 ,2546 ,   0 ,   0 ,   0 ,   0 ,   0 ,   0 ,   0 ,   0 ,   0 ,   0 ,   0 ,   0 ,   0 ,   0 ,   0 ,   0 ,   0 ,0 ,   0 ,   0 ,   0 ,   0 ,   0 ,   0 ,   0
CapitanGatoYT      ,   0 ,   0 ,   0 ,   0 ,   0 ,   0 ,   0 ,   0 ,   0 ,   0 ,   0 ,   0 ,   0 ,   0 ,   0 ,   0 ,   0 ,   0 ,   0 ,   0 ,   0 ,   0 ,   0 ,   0 ,   0 ,   0 ,0 ,   0 ,   0 ,   0 ,1979 ,1401 ,   0 ,   0
CaptainPuffy       ,1640 ,2325 ,1577 ,   0 ,1815 ,2190 ,2789 ,2031 ,1886 ,1989 ,1490 ,1878 ,   0 ,1578 ,   0 ,1840 ,   0 ,1934 ,   0 ,1758 ,   0 ,1600 ,   0 ,1458 ,   0 ,   0 ,0 , 852 ,1432 ,1702 ,   0 ,1112 ,   0 ,   0
CaptainSparklez    ,2014 ,2120 ,3080 ,2800 ,2719 ,2629 ,2583 ,2479 ,2575 ,2038 ,1787 ,2608 ,2374 ,1968 ,2206 ,2223 ,2016 ,2531 ,1442 ,2719 ,1886 ,2424 ,2339 ,1639 ,1556 ,1674 ,0 ,2413 ,1663 ,1897 ,2165 ,1898 ,2397 ,2163
ConnorEatsPants    ,   0 ,   0 ,   0 ,   0 ,   0 ,   0 ,   0 ,   0 ,   0 ,   0 , 959 ,   0 ,   0 ,   0 ,1193 ,   0 ,   0 ,   0 ,   0 ,1396 ,   0 ,   0 ,1164 ,   0 ,   0 ,   0 ,0 ,   0 ,   0 ,   0 ,   0 ,   0 ,   0 ,   0
cubfan135          ,   0 ,   0 ,   0 ,   0 ,1658 ,1658 ,   0 ,1164 ,   0 ,2307 ,   0 ,1701 ,   0 ,1593 ,   0 ,   0 ,1803 ,   0 ,   0 ,2429 ,   0 ,1497 ,1887 ,1779 ,   0 ,1649 ,0 ,1350 ,1819 ,2113 ,1949 ,   0 ,1466 ,   0
DanTDM             ,   0 ,   0 ,   0 ,   0 ,   0 ,   0 ,   0 ,   0 ,   0 ,   0 ,1789 ,1918 ,2114 ,1810 ,   0 ,   0 ,   0 ,   0 ,   0 ,   0 ,   0 ,   0 ,   0 ,   0 ,   0 ,   0 ,0 ,   0 ,   0 ,   0 ,   0 ,   0 ,   0 ,   0
DarkEyebrows       ,   0 ,   0 ,   0 ,   0 ,   0 ,   0 ,   0 ,   0 ,   0 ,   0 ,   0 ,   0 ,   0 ,   0 ,   0 ,   0 ,   0 ,   0 ,   0 ,   0 ,   0 ,   0 ,   0 ,   0 ,   0 ,   0 ,0 ,   0 ,   0 ,   0 ,1447 ,1024 ,1032 ,   0
Dream              ,   0 ,   0 ,   0 ,   0 ,   0 ,3250 ,3405 ,3060 ,2373 ,3405 ,3626 ,2764 ,2833 ,2224 ,3203 ,3031 ,2688 ,3008 ,2640 ,   0 ,2019 ,3247 ,2920 ,3050 ,   0 ,   0 ,0 ,   0 ,   0 ,   0 ,   0 ,   0 ,   0 ,   0
Drgluon            , 677 , 986 ,1073 , 989 ,1075 ,   0 , 724 ,   0 ,   0 , 761 ,   0 ,   0 , 456 ,   0 ,   0 , 706 ,   0 ,   0 , 451 ,   0 ,   0 ,   0 ,   0 ,   0 ,   0 ,   0 ,0 , 763 ,   0 ,   0 ,   0 ,   0 ,   0 ,   0
ElainaExe          ,   0 ,   0 ,   0 ,   0 ,   0 ,   0 ,   0 ,   0 ,   0 ,   0 ,   0 ,   0 ,   0 ,   0 ,   0 ,   0 ,   0 ,   0 ,   0 ,1426 ,1364 ,   0 ,1371 ,   0 ,1501 ,   0 ,0 ,   0 ,1584 ,   0 ,1444 ,1120 ,   0 ,   0
Etho               ,   0 ,   0 ,   0 ,   0 ,   0 ,   0 ,   0 ,   0 ,   0 ,   0 ,   0 ,   0 ,   0 ,   0 ,   0 ,   0 ,   0 ,   0 ,   0 ,   0 ,   0 ,   0 ,   0 ,   0 ,   0 ,   0 ,0 ,   0 ,   0 ,   0 ,   0 ,   0 ,1445 ,   0
F1NN5TER           ,   0 ,   0 ,   0 ,   0 ,   0 ,   0 ,   0 ,   0 ,1592 ,   0 ,1447 ,   0 ,1725 ,   0 ,   0 ,2118 ,   0 ,   0 ,   0 ,   0 ,   0 ,   0 ,1880 ,   0 ,   0 ,1367 ,0 ,   0 ,   0 ,   0 ,   0 ,   0 ,   0 ,   0
falsesymmetry      ,   0 ,   0 ,   0 ,1909 ,1976 ,1652 ,1810 ,1327 ,2455 ,2261 ,2217 ,1590 ,2347 ,1248 ,1395 ,   0 ,2343 ,   0 ,1067 ,2065 ,   0 ,1360 ,1318 ,   0 ,1358 ,   0 ,0 ,1693 ,1805 ,1490 ,   0 ,   0 ,1647 ,   0
FireBreathMan      ,   0 ,   0 ,   0 ,   0 ,   0 ,   0 ,   0 ,   0 ,   0 ,   0 ,   0 ,   0 ,   0 ,   0 ,   0 ,   0 ,   0 ,   0 ,   0 ,   0 ,   0 ,   0 ,   0 ,   0 ,   0 ,   0 ,0 ,   0 ,2774 ,3496 ,2782 ,3418 ,3285 ,3486
FlorianFunke       ,2505 ,2163 ,   0 ,   0 ,   0 ,   0 ,   0 ,   0 ,   0 ,   0 ,   0 ,   0 ,   0 ,   0 ,   0 ,   0 ,   0 ,   0 ,   0 ,   0 ,   0 ,   0 ,   0 ,   0 ,   0 ,   0 ,0 ,   0 ,   0 ,   0 ,   0 ,   0 ,   0 ,   0
FoolishG           ,   0 ,   0 ,   0 ,   0 ,   0 ,   0 ,   0 ,   0 ,   0 ,   0 ,   0 ,   0 ,   0 ,   0 ,   0 ,   0 ,   0 ,   0 ,   0 ,   0 ,   0 ,1705 ,1910 ,2166 ,2101 ,2063 ,0 ,   0 ,1842 ,   0 ,   0 ,   0 ,   0 ,   0
fruitberries       ,   0 ,   0 ,   0 ,   0 ,   0 ,3031 ,2638 ,   0 ,3805 ,   0 ,3129 ,3318 ,3079 ,2859 ,2075 ,3307 ,3306 ,   0 ,3464 ,3002 ,3048 ,   0 ,   0 ,2672 ,2954 ,3166 ,0 ,   0 ,2724 ,2763 ,2611 ,3590 ,3772 ,3132
Fundy              ,   0 ,   0 ,   0 ,   0 ,   0 ,2790 ,3382 ,1921 ,2090 ,   0 ,2596 ,2922 ,2474 ,2500 ,2749 ,2699 ,   0 ,2682 ,   0 ,   0 ,   0 ,   0 ,   0 ,   0 ,   0 ,   0 ,0 ,   0 ,   0 ,   0 ,   0 ,   0 ,   0 ,   0
fWhip              ,   0 ,   0 ,   0 ,1456 ,2534 ,2008 ,2724 ,2609 ,   0 ,   0 ,2139 ,2059 ,   0 ,   0 ,1901 ,   0 ,2041 ,   0 ,   0 ,   0 ,2018 ,   0 ,   0 ,   0 ,   0 ,   0 ,0 ,   0 ,   0 ,   0 ,   0 ,   0 ,   0 ,   0
GamerBurry         , 808 ,1271 ,1464 ,1320 ,1050 ,1288 ,   0 , 848 ,1183 ,   0 ,   0 ,   0 ,   0 ,   0 ,   0 ,   0 ,   0 ,   0 ,   0 ,   0 ,   0 ,   0 ,   0 ,   0 ,   0 ,   0 ,0 ,   0 ,   0 ,   0 ,   0 ,   0 ,   0 ,   0
GeeNelly           ,   0 ,   0 ,   0 ,   0 ,   0 ,   0 ,   0 ,   0 ,   0 ,   0 ,   0 ,   0 ,   0 ,   0 ,   0 ,   0 ,   0 ,1747 ,   0 ,   0 ,1417 ,1168 ,1160 ,1565 ,   0 ,1471 ,0 ,1605 ,1739 ,   0 ,   0 ,   0 ,   0 ,   0
GeminiTay          ,   0 ,   0 ,   0 ,   0 ,   0 ,   0 ,   0 ,   0 ,   0 ,   0 ,   0 ,   0 ,   0 ,   0 ,   0 ,   0 ,1911 ,1545 ,1526 ,2143 ,   0 ,1442 ,   0 ,1362 ,   0 ,   0 ,0 ,1861 ,   0 ,   0 ,   0 ,1687 ,   0 ,2128
GeorgeNotFound     ,   0 ,   0 ,   0 ,   0 ,   0 ,2450 ,2004 ,2092 ,2509 ,2491 ,2071 ,2459 ,2127 ,1961 ,   0 ,2371 ,2423 ,2579 ,2590 ,   0 ,1923 ,2536 ,2256 ,2310 ,   0 ,   0 ,0 ,   0 ,1180 ,   0 ,   0 ,   0 ,   0 ,   0
GizzyGazza         ,   0 ,   0 ,1937 ,1473 ,   0 ,   0 ,1480 ,   0 ,1471 ,   0 ,   0 ,1767 ,   0 ,   0 ,   0 ,   0 ,   0 ,1589 ,   0 ,   0 ,   0 ,   0 ,   0 ,   0 ,   0 ,   0 ,0 ,   0 ,   0 ,   0 ,   0 ,   0 ,   0 ,   0
GoodTimeWithScar   ,   0 ,   0 ,   0 ,   0 ,   0 ,   0 ,   0 ,   0 ,   0 ,   0 ,   0 ,   0 ,   0 ,   0 ,   0 ,   0 ,   0 ,   0 ,   0 ,1434 ,1257 ,1391 ,1622 ,1173 ,1681 ,   0 ,0 ,1818 ,1297 ,1041 ,1556 ,1321 ,1607 ,1463
Graser10           ,   0 ,   0 ,   0 ,2008 ,   0 ,   0 ,   0 ,   0 ,   0 ,   0 ,   0 ,   0 ,   0 ,   0 ,   0 ,   0 ,   0 ,   0 ,   0 ,   0 ,   0 ,   0 ,   0 ,   0 ,   0 ,   0 ,0 ,   0 ,   0 ,   0 ,   0 ,   0 ,   0 ,   0
Grian              ,   0 ,   0 ,   0 ,   0 ,   0 ,2111 ,1996 ,   0 ,1727 ,   0 ,2107 ,1962 ,2308 ,1827 ,1827 ,2461 ,2815 ,1751 ,2222 ,   0 ,1849 ,1866 ,   0 ,   0 ,1492 ,1841 ,0 ,   0 ,   0 ,   0 ,   0 ,   0 ,   0 ,   0
guqqie             ,   0 ,   0 ,   0 ,   0 ,   0 ,   0 ,   0 ,   0 ,   0 ,   0 ,   0 ,   0 ,   0 ,   0 ,   0 ,   0 ,   0 ,   0 ,   0 ,   0 ,   0 ,   0 ,   0 ,   0 ,   0 ,   0 ,0 ,   0 ,   0 ,   0 ,   0 ,1217 ,1275 ,1518
hannahxxrose       ,   0 ,   0 ,   0 ,   0 ,   0 ,   0 ,   0 ,   0 ,   0 ,   0 ,   0 ,   0 ,   0 ,   0 ,   0 ,   0 ,   0 ,   0 ,   0 ,   0 ,   0 ,   0 ,   0 ,2176 ,2039 ,   0 ,0 ,2114 ,   0 ,2270 ,2578 ,   0 ,1678 ,2078
HBomb94            ,2470 ,2877 ,2422 ,2453 ,2001 ,2972 ,3459 ,2998 ,3413 ,   0 ,2621 ,2600 ,2821 ,2731 ,   0 ,2165 ,2491 ,1791 ,   0 ,3009 ,   0 ,2253 ,   0 ,3251 ,2644 ,2756 ,0 ,1975 ,2388 ,2518 ,2033 ,2682 ,   0 ,   0
IHasCupquake       ,1032 ,   0 ,   0 ,   0 ,   0 ,   0 ,   0 ,   0 ,   0 ,   0 ,   0 ,   0 ,   0 ,   0 ,   0 ,   0 ,   0 ,   0 ,   0 ,   0 ,   0 ,   0 ,   0 ,   0 ,   0 ,   0 ,0 ,   0 ,   0 ,   0 ,   0 ,   0 ,   0 ,   0
iicBunnyx          ,   0 ,   0 ,   0 ,   0 ,   0 ,   0 ,   0 ,   0 ,   0 , 811 ,   0 ,   0 ,   0 ,   0 ,   0 ,   0 ,   0 ,   0 ,   0 ,   0 ,   0 ,   0 ,   0 ,   0 ,   0 ,   0 ,0 ,   0 ,   0 ,   0 ,   0 ,   0 ,   0 ,   0
iJevin             ,1654 ,   0 ,   0 ,   0 ,   0 ,   0 ,   0 ,   0 ,   0 ,   0 ,   0 ,   0 ,   0 ,   0 ,   0 ,   0 ,   0 ,   0 ,   0 ,   0 ,   0 ,   0 ,   0 ,   0 ,   0 ,   0 ,0 ,   0 ,   0 ,   0 ,   0 ,   0 ,   0 ,   0
Illumina           ,   0 ,   0 ,   0 ,   0 ,   0 ,   0 ,   0 ,   0 ,   0 ,   0 ,   0 ,2282 ,2849 ,   0 ,3208 ,   0 ,2909 ,3486 ,   0 ,3865 ,2692 ,   0 ,   0 ,2768 ,2882 ,   0 ,0 ,3960 ,   0 ,2538 ,2627 ,   0 ,2442 ,2722
impulseSV          ,   0 ,   0 ,   0 ,   0 ,   0 ,   0 ,   0 ,   0 ,   0 ,   0 ,   0 ,   0 ,   0 ,   0 ,   0 ,   0 ,   0 ,   0 ,   0 ,   0 ,   0 ,   0 ,   0 ,   0 ,   0 ,   0 ,0 ,1904 ,1341 ,1197 ,   0 ,1483 ,1784 ,   0
InTheLittleWood    ,1967 ,1558 ,   0 ,2514 ,2472 ,2864 ,1837 ,1983 ,1606 ,   0 ,1766 ,   0 ,   0 ,2286 ,2134 ,   0 ,2289 ,   0 ,1576 ,2164 ,   0 ,   0 ,2245 ,1463 ,   0 ,1822 ,0 ,1677 ,   0 ,2401 ,   0 ,   0 ,   0 ,2236
Iskall85           ,   0 ,   0 ,   0 ,   0 ,2158 ,   0 ,   0 ,   0 ,   0 ,   0 ,   0 ,   0 ,   0 ,   0 ,   0 ,   0 ,   0 ,   0 ,   0 ,   0 ,   0 ,   0 ,   0 ,   0 ,   0 ,   0 ,0 ,   0 ,   0 ,   0 ,   0 ,   0 ,   0 ,   0
ItsJustOriah       ,   0 ,   0 ,   0 ,   0 ,   0 ,   0 ,   0 ,   0 ,   0 ,1312 ,   0 ,   0 ,   0 ,   0 ,   0 ,   0 ,   0 ,   0 ,   0 ,   0 ,   0 ,   0 ,   0 ,   0 ,   0 ,   0 ,0 ,   0 ,   0 ,   0 ,   0 ,   0 ,   0 ,   0
JackManifoldTV     ,   0 ,   0 ,   0 ,   0 ,   0 ,   0 ,   0 ,   0 ,   0 ,   0 ,   0 ,   0 ,   0 ,1571 ,1926 ,2191 ,1320 ,1544 ,1708 ,1616 ,2093 ,   0 ,   0 ,1792 ,1713 ,1365 ,0 ,1970 ,1396 ,   0 ,1641 ,   0 ,1327 ,   0
JackSucksAtLife    ,1208 ,   0 ,   0 ,   0 ,   0 ,   0 ,   0 ,   0 ,   0 ,   0 ,   0 ,   0 ,   0 ,   0 ,   0 ,   0 ,   0 ,   0 ,   0 ,   0 ,   0 ,   0 ,   0 ,   0 ,   0 ,   0 ,0 ,   0 ,   0 ,   0 ,   0 ,   0 ,   0 ,   0
JamesCharles       ,   0 ,   0 ,   0 ,1101 ,   0 ,   0 ,   0 ,   0 ,   0 ,   0 , 708 ,   0 ,   0 ,   0 ,   0 ,   0 ,   0 ,   0 ,   0 ,   0 ,   0 ,   0 ,   0 ,   0 ,   0 ,   0 ,0 ,   0 ,   0 ,   0 ,   0 ,   0 ,   0 ,   0
Jameskii           ,1658 ,   0 ,   0 ,   0 ,   0 ,   0 ,   0 ,   0 ,   0 ,   0 ,   0 ,   0 ,   0 ,   0 ,   0 ,   0 ,   0 ,   0 ,   0 ,   0 ,   0 ,   0 ,   0 ,   0 ,   0 ,   0 ,0 ,   0 ,   0 ,   0 ,   0 ,   0 ,   0 ,   0
JamesTurner        , 725 , 952 ,1402 ,1681 ,1292 ,   0 ,1354 ,   0 ,   0 , 942 ,   0 ,   0 , 734 ,   0 ,   0 , 667 ,   0 ,   0 , 358 ,   0 ,   0 ,   0 ,   0 ,   0 ,   0 ,   0 ,0 , 625 ,   0 ,   0 ,   0 ,   0 ,   0 ,   0
JCtheCaster        ,2614 ,   0 ,   0 ,   0 ,   0 ,   0 ,   0 ,   0 ,   0 ,   0 ,   0 ,   0 ,   0 ,   0 ,   0 ,   0 ,   0 ,   0 ,   0 ,   0 ,   0 ,   0 ,   0 ,   0 ,   0 ,   0 ,0 ,   0 ,   0 ,   0 ,   0 ,   0 ,   0 ,   0
JeromeASF          ,   0 ,   0 ,   0 ,2173 ,1813 ,   0 ,2543 ,   0 ,1671 ,   0 ,   0 ,   0 ,   0 ,   0 ,   0 ,   0 ,   0 ,   0 ,   0 ,   0 ,   0 ,   0 ,   0 ,   0 ,   0 ,   0 ,0 ,   0 ,   0 ,   0 ,   0 ,   0 ,   0 , 828
Jestanii           ,   0 ,1493 ,   0 ,   0 ,   0 ,   0 ,   0 ,   0 ,   0 ,   0 ,   0 ,   0 ,   0 ,   0 ,   0 ,   0 ,   0 ,   0 ,   0 ,   0 ,   0 ,   0 ,   0 ,   0 ,   0 ,   0 ,0 ,   0 ,   0 ,   0 ,   0 ,   0 ,   0 ,   0
JOEYGRACEFFA       ,1048 , 746 ,1500 ,1267 ,   0 ,   0 ,   0 , 347 ,   0 ,   0 ,   0 ,   0 ,   0 ,   0 ,   0 ,   0 ,   0 ,   0 ,   0 ,   0 ,   0 ,   0 ,   0 ,   0 ,   0 ,   0 ,0 ,   0 ,   0 ,   0 ,   0 ,   0 ,   0 ,   0
jojosolos          ,   0 ,   0 ,   0 ,   0 ,   0 ,   0 ,   0 ,   0 ,   0 ,   0 ,   0 ,   0 ,   0 ,   0 ,   0 ,   0 ,   0 ,   0 ,   0 ,   0 ,2517 ,3088 ,2071 ,2998 ,3180 ,   0 ,0 ,3054 ,3119 ,2820 ,2663 ,   0 ,2660 ,3681
KaraCorvus         ,2371 ,1980 ,1665 ,2372 ,2013 ,1971 ,2262 ,1718 ,1923 ,1695 ,1483 ,1927 ,1806 ,1398 , 730 ,   0 ,1544 ,1582 ,1391 ,1298 ,1450 ,   0 ,1688 ,   0 ,1701 ,1797 ,0 ,   0 ,1329 ,1676 ,1722 ,1827 ,   0 ,1773
KarlJacobs         ,   0 ,   0 ,   0 ,   0 ,   0 ,   0 ,   0 ,   0 ,   0 ,   0 ,1329 ,   0 ,1487 ,   0 ,   0 ,   0 ,1803 ,   0 ,   0 ,   0 ,   0 ,   0 ,   0 ,   0 ,   0 ,   0 ,0 ,   0 ,   0 ,   0 ,   0 ,   0 ,   0 ,   0
KatherineElizabeth ,   0 ,1167 ,1118 ,1627 ,   0 ,1533 ,   0 ,1769 ,   0 ,   0 ,1044 ,   0 ,1430 ,1547 ,   0 ,   0 ,   0 ,   0 ,   0 ,   0 ,   0 ,   0 ,   0 ,   0 ,   0 ,   0 ,0 ,   0 ,   0 ,   0 ,   0 ,   0 ,   0 ,   0
King_Burren        ,2445 ,2483 ,1645 ,2215 ,2427 ,2172 ,1804 ,2327 ,   0 ,2395 ,1238 ,2142 ,   0 ,   0 ,   0 ,   0 ,1160 ,   0 ,   0 ,   0 ,   0 ,   0 ,   0 ,   0 ,   0 ,   0 ,0 ,   0 ,   0 ,   0 ,   0 ,   0 ,   0 ,   0
Kontuz             ,   0 ,   0 ,   0 ,   0 ,   0 ,   0 ,   0 ,   0 ,   0 , 941 ,   0 ,   0 ,   0 ,   0 ,   0 ,   0 ,   0 ,   0 ,   0 ,   0 ,   0 ,   0 ,   0 ,   0 ,   0 ,   0 ,0 ,   0 ,   0 ,   0 ,   0 ,   0 ,   0 ,   0
Krinios            ,   0 ,1709 ,2590 ,2779 ,2686 ,2431 ,3195 ,2402 ,   0 ,2865 ,1825 ,   0 ,2680 ,   0 ,1472 ,   0 ,   0 ,   0 ,2381 ,   0 ,1479 ,   0 ,   0 ,2474 ,   0 ,2309 ,0 ,   0 ,   0 ,   0 ,2327 ,   0 ,2067 ,   0
Krtzy              ,3029 ,2761 ,2506 ,3110 ,2507 ,   0 ,2718 ,3004 ,3024 ,   0 ,2142 ,   0 ,3049 ,2877 ,2094 ,2613 ,   0 ,2571 ,   0 ,2117 ,2010 ,   0 ,   0 ,2427 ,   0 ,2723 ,0 ,   0 ,2413 ,2886 ,2263 ,2005 ,   0 ,   0
KryticZeuz         ,1068 ,1112 ,1499 ,1479 ,1224 ,   0 ,1381 ,   0 ,   0 ,1019 ,   0 ,   0 ,1217 ,   0 ,   0 , 930 ,1823 ,   0 , 588 ,   0 ,2083 ,   0 ,2156 ,   0 ,2134 ,   0 ,0 , 914 ,   0 ,   0 ,1721 ,   0 ,   0 ,   0
LaurenZSide        ,   0 ,   0 ,   0 ,   0 , 937 ,   0 ,   0 ,   0 ,   0 ,   0 ,   0 ,1134 ,   0 ,   0 ,   0 ,   0 ,   0 ,   0 ,   0 ,   0 ,   0 ,   0 ,   0 ,   0 ,   0 ,   0 ,0 ,   0 ,   0 ,   0 ,   0 ,   0 ,   0 ,   0
LDShadowLady       ,1469 ,1687 ,1522 ,   0 ,   0 , 917 ,   0 ,   0 ,   0 ,1862 ,   0 ,   0 ,1365 ,   0 ,   0 ,   0 ,   0 ,   0 ,   0 ,   0 ,   0 ,   0 ,   0 ,   0 ,   0 ,   0 ,0 ,   0 ,   0 ,   0 ,   0 ,   0 ,   0 ,   0
ludwigahgren       ,   0 ,   0 ,   0 ,   0 ,   0 ,   0 ,   0 ,   0 ,   0 ,   0 ,   0 ,   0 ,1371 ,   0 ,   0 ,   0 ,   0 ,   0 ,   0 ,   0 ,   0 ,   0 ,   0 ,   0 ,   0 ,   0 ,0 ,1062 ,   0 ,   0 ,   0 ,   0 ,   0 ,   0
Magistrex          ,   0 ,1264 ,1630 ,1542 ,1576 ,   0 ,1923 ,   0 ,   0 ,   0 ,   0 ,   0 ,   0 ,   0 ,   0 ,1408 ,   0 ,   0 ,   0 ,   0 ,   0 ,   0 ,   0 ,   0 ,   0 ,   0 ,0 ,   0 ,   0 ,   0 ,   0 ,   0 ,   0 ,   0
Marielitai         ,   0 ,   0 , 886 ,   0 ,   0 ,   0 ,   0 ,   0 ,   0 ,   0 ,   0 ,   0 ,   0 ,   0 ,   0 ,   0 ,   0 ,   0 ,   0 ,   0 ,   0 ,   0 ,   0 ,   0 ,   0 ,   0 ,0 ,   0 ,   0 ,   0 ,   0 ,   0 ,   0 ,   0
Mefs               ,   0 ,2655 ,   0 ,   0 ,2311 ,3223 ,   0 ,2784 ,2164 ,   0 ,   0 ,   0 ,2069 ,   0 ,   0 ,   0 ,   0 ,2390 ,   0 ,   0 ,   0 ,   0 ,   0 ,   0 ,   0 ,   0 ,0 ,   0 ,   0 ,   0 ,   0 ,   0 ,   0 ,   0
Michaelmcchill     ,2941 ,2054 ,1505 ,2116 ,1619 ,2318 ,1645 ,2060 ,   0 ,2005 ,   0 ,1692 ,   0 ,   0 ,1777 ,   0 ,   0 ,   0 ,1242 ,   0 ,   0 ,1245 ,   0 ,1787 ,   0 ,   0 ,0 ,   0 ,1166 ,1715 ,1661 ,   0 ,   0 ,1639
MiniMuka           ,   0 ,2103 ,   0 ,1435 ,   0 ,1346 ,   0 ,1592 ,   0 ,   0 ,1936 ,   0 ,   0 ,   0 ,   0 ,   0 ,   0 ,   0 ,   0 ,   0 ,   0 ,   0 ,   0 ,   0 ,   0 ,   0 ,0 ,   0 ,   0 ,   0 ,   0 ,   0 ,   0 ,   0
MysterySalesman    , 869 ,   0 ,   0 ,   0 ,   0 ,   0 ,   0 ,   0 ,   0 ,   0 ,   0 ,   0 ,   0 ,   0 ,   0 ,   0 ,   0 ,   0 ,   0 ,   0 ,   0 ,   0 ,   0 ,   0 ,   0 ,   0 ,0 ,   0 ,   0 ,   0 ,   0 ,   0 ,   0 ,   0
MythicalSausage    ,   0 ,   0 ,   0 ,   0 ,   0 ,   0 ,   0 ,   0 ,   0 ,   0 ,   0 ,   0 ,   0 ,   0 ,   0 ,   0 ,   0 ,   0 ,   0 ,   0 ,   0 ,   0 ,   0 ,   0 ,   0 ,   0 ,0 ,   0 ,   0 ,   0 ,1428 ,1192 ,   0 ,   0
NettyPlays         ,1351 ,   0 ,   0 ,   0 ,   0 ,   0 ,   0 ,   0 ,   0 ,   0 ,   0 ,   0 ,   0 ,   0 ,   0 ,   0 ,   0 ,   0 ,   0 ,   0 ,   0 ,   0 ,   0 ,   0 ,   0 ,   0 ,0 ,   0 ,   0 ,   0 ,   0 ,   0 ,   0 ,   0
Nihachu            ,   0 ,   0 ,   0 ,   0 ,   0 ,   0 ,   0 ,   0 ,   0 ,1260 , 600 ,1102 ,   0 ,1450 , 865 ,1700 ,1078 ,1194 ,1208 , 913 ,   0 ,   0 ,   0 ,   0 ,   0 ,   0 ,0 ,   0 ,   0 ,   0 ,   0 ,   0 ,   0 ,   0
OllieGamerz        ,   0 ,   0 ,   0 ,   0 ,   0 ,   0 ,   0 ,   0 ,   0 ,   0 ,   0 ,   0 ,   0 ,   0 ,   0 ,   0 ,   0 ,   0 ,   0 ,   0 ,   0 ,   0 ,   0 ,   0 ,   0 ,   0 ,0 ,   0 ,   0 ,   0 ,2200 ,   0 ,1660 ,2246
OrionSound         ,   0 ,   0 , 984 ,1528 ,1581 ,1270 ,   0 ,   0 ,   0 ,   0 ,   0 ,   0 ,1814 ,1871 ,1290 ,1818 ,   0 ,1645 ,   0 ,1591 ,   0 ,2179 ,   0 ,1471 ,   0 ,1901 ,0 ,   0 ,   0 ,1903 ,   0 ,1720 ,2143 ,2399
Owenge_Juice       ,   0 ,   0 ,   0 ,   0 ,   0 ,   0 ,   0 ,   0 ,   0 ,   0 ,   0 ,   0 ,   0 ,   0 ,   0 ,   0 ,   0 ,   0 ,   0 ,   0 ,   0 ,   0 ,   0 ,   0 ,   0 ,   0 ,0 ,   0 ,   0 ,   0 ,   0 ,2183 ,2450 ,   0
PEARLBYTEZ         ,   0 ,   0 ,   0 ,   0 ,   0 ,   0 ,   0 ,   0 ,   0 , 705 ,   0 ,   0 ,   0 ,   0 ,   0 ,   0 ,   0 ,   0 ,   0 ,   0 ,   0 ,   0 ,   0 ,   0 ,   0 ,   0 ,0 ,   0 ,   0 ,   0 ,   0 ,   0 ,   0 ,   0
PearlescentMoon    ,   0 ,   0 ,   0 ,   0 ,   0 ,1691 ,1496 ,1379 ,1972 ,   0 ,2226 ,1930 ,   0 ,   0 ,1324 ,1713 ,   0 ,2130 ,   0 ,   0 ,   0 ,1927 ,1293 ,1896 ,1766 ,   0 ,0 , 955 ,   0 ,   0 ,   0 ,   0 ,1876 ,   0
PeteZahHutt        ,2929 ,3657 ,3621 ,3313 ,3683 ,3525 ,4221 ,3040 ,3069 ,3368 ,   0 ,2889 ,3164 ,3862 ,   0 ,2382 ,3492 ,2454 ,2475 ,2678 ,2218 ,2920 ,2786 ,   0 ,2698 ,2845 ,0 ,2383 ,3059 ,2806 ,2633 ,2826 ,2846 ,3042
Ph1LzA             ,2261 ,3401 ,   0 ,3150 ,2075 ,2556 ,2931 ,2660 ,1923 ,2424 ,2140 ,3160 ,2839 ,2328 ,2000 ,2020 ,1209 ,1723 ,2706 ,2712 ,2091 ,   0 ,2278 ,1817 ,1764 ,2319 ,0 ,2350 ,2675 ,2360 ,2206 ,   0 ,1920 ,   0
Plumbella          ,   0 ,   0 , 456 , 884 , 455 ,   0 , 766 ,   0 ,   0 ,   0 ,   0 ,   0 ,   0 ,   0 ,   0 ,   0 ,   0 ,   0 ,   0 ,   0 ,   0 ,   0 ,   0 ,   0 ,   0 ,   0 ,0 ,   0 ,   0 ,   0 ,   0 ,   0 ,   0 ,   0
Pokimane           ,   0 ,   0 ,   0 ,   0 ,   0 ,   0 ,   0 ,   0 ,   0 , 676 ,   0 ,   0 ,   0 ,   0 ,   0 ,   0 ,   0 ,   0 ,   0 ,   0 ,   0 ,   0 ,   0 ,   0 ,   0 ,   0 ,0 ,   0 ,   0 ,   0 ,   0 ,   0 ,   0 ,   0
Ponk               ,   0 ,   0 ,   0 ,   0 ,   0 ,   0 ,   0 ,   0 ,   0 ,   0 ,   0 ,   0 ,   0 ,   0 ,   0 ,2079 ,1564 ,   0 ,   0 ,1622 ,1636 ,   0 ,   0 ,   0 ,2110 ,   0 ,0 ,   0 ,1537 ,   0 ,   0 ,   0 ,1420 ,   0
Punz               ,   0 ,   0 ,   0 ,   0 ,   0 ,   0 ,   0 ,   0 ,   0 ,   0 ,   0 ,2449 ,2649 ,3451 ,2976 ,3332 ,2005 ,2696 ,3029 ,3246 ,2505 ,2718 ,3317 ,   0 ,2727 ,2363 ,0 ,2723 ,2628 ,2281 ,2198 ,   0 ,2887 ,2741
Purpled            ,   0 ,   0 ,   0 ,   0 ,   0 ,   0 ,   0 ,   0 ,   0 ,   0 ,   0 ,   0 ,   0 ,   0 ,   0 ,   0 ,   0 ,   0 ,   0 ,2347 ,2742 ,3168 ,   0 ,3057 ,2762 ,3429 ,0 ,3632 ,3003 ,3350 ,3867 ,3492 ,3235 ,2665
Quackity           ,   0 ,   0 ,   0 ,   0 ,   0 ,   0 ,   0 ,   0 ,   0 ,   0 ,1572 ,1162 ,1365 ,1186 ,1900 ,   0 ,   0 ,1623 ,   0 ,   0 ,   0 ,   0 ,   0 ,   0 ,   0 ,   0 ,0 ,   0 ,   0 ,   0 ,   0 ,   0 ,   0 ,   0
Quig               ,3330 ,3769 ,2415 ,2685 ,3732 ,3519 ,3330 ,3549 ,2932 ,3730 ,2979 ,2741 ,2471 ,2948 ,2965 ,3328 ,3044 ,   0 ,2286 ,3466 ,   0 ,2690 ,3410 ,   0 ,   0 ,   0 ,0 ,   0 ,   0 ,   0 ,   0 ,   0 ,   0 ,   0
Rafessor           ,2313 ,2120 ,   0 ,   0 ,   0 ,   0 ,   0 ,   0 ,   0 ,   0 ,   0 ,   0 ,   0 ,   0 ,   0 ,   0 ,   0 ,   0 ,   0 ,   0 ,   0 ,   0 ,   0 ,   0 ,   0 ,   0 ,0 ,   0 ,   0 ,   0 ,   0 ,   0 ,   0 ,   0
Ranboo             ,   0 ,   0 ,   0 ,   0 ,   0 ,   0 ,   0 ,   0 ,   0 ,   0 ,   0 ,   0 ,   0 ,   0 ,2167 ,2085 ,2627 ,2429 ,2856 ,2707 ,1875 ,2152 ,1534 ,1879 ,2110 ,2063 ,0 ,2313 ,2843 ,2346 ,   0 ,2624 ,1922 ,2222
RedVelvetCake      ,   0 ,   0 ,   0 ,   0 ,   0 ,   0 ,   0 ,   0 ,   0 ,   0 ,   0 ,   0 ,   0 ,   0 ,   0 ,   0 ,   0 ,   0 ,   0 ,   0 ,   0 ,   0 ,   0 ,   0 ,1421 ,   0 ,0 ,1483 ,   0 ,2176 ,2203 ,1557 ,   0 ,2256
Renthedog          ,   0 ,   0 ,   0 ,1785 ,1703 ,1498 ,1243 ,1280 ,2099 ,   0 ,1675 ,1425 ,   0 ,1388 ,1396 ,   0 ,1686 ,   0 ,1139 ,   0 ,1829 ,   0 ,   0 ,   0 ,   0 ,   0 ,0 ,   0 ,   0 ,   0 ,   0 ,   0 ,   0 ,   0
RIPmika            ,   0 ,   0 ,   0 ,   0 ,   0 ,   0 ,   0 , 453 , 699 ,   0 ,   0 ,   0 ,   0 ,   0 ,   0 ,   0 ,   0 ,   0 ,   0 ,   0 ,   0 ,   0 ,   0 ,   0 ,   0 ,   0 ,0 ,   0 ,   0 ,   0 ,   0 ,   0 ,   0 ,   0
Roguskii           ,   0 ,   0 ,   0 ,   0 ,   0 ,   0 ,   0 ,   0 ,   0 , 640 ,   0 ,   0 ,   0 ,   0 ,   0 ,   0 ,   0 ,   0 ,   0 ,   0 ,   0 ,   0 ,   0 ,   0 ,   0 ,   0 ,0 ,   0 ,   0 ,   0 ,   0 ,   0 ,   0 ,   0
ryguyrocky         ,2470 ,2822 ,1759 ,   0 ,   0 ,2320 ,2477 ,   0 ,1939 ,   0 ,   0 ,2116 ,   0 ,   0 ,   0 ,   0 ,   0 ,   0 ,2193 ,2036 ,   0 ,2040 ,   0 ,2280 ,   0 ,1836 ,0 ,   0 ,1849 ,   0 ,1766 ,2558 ,   0 ,1554
Sapnap             ,   0 ,   0 ,   0 ,   0 ,   0 ,   0 ,2963 ,2497 ,3459 ,2284 ,2533 ,3138 ,2886 ,3380 ,4223 ,2697 ,2912 ,3181 ,3353 ,   0 ,3299 ,2519 ,3254 ,2959 ,2954 ,2840 ,0 ,   0 ,2627 ,3192 ,3042 ,2439 ,2821 ,2886
SB737              ,   0 ,   0 ,   0 ,   0 ,   0 ,   0 ,   0 ,1861 ,1925 ,   0 ,   0 ,2413 ,   0 ,2403 ,   0 ,   0 ,2735 ,   0 ,   0 ,2982 ,   0 ,   0 ,2818 ,   0 ,   0 ,   0 ,0 ,   0 ,   0 ,1794 ,   0 ,2187 ,   0 ,   0
Seapeekay          ,   0 ,2135 ,2122 ,2522 ,2433 ,2273 ,2648 ,2160 ,2116 ,   0 ,2218 ,2579 ,2063 ,2255 ,2411 ,2887 ,   0 ,1846 ,2246 ,2164 ,2649 ,2673 ,2947 ,2504 ,2151 ,2280 ,0 ,   0 ,2136 ,2373 ,2291 ,2641 ,2369 ,   0
Shadoune666        ,   0 ,   0 ,   0 ,   0 ,   0 ,   0 ,   0 ,   0 ,   0 ,   0 ,   0 ,   0 ,   0 ,   0 ,   0 ,   0 ,   0 ,   0 ,   0 ,   0 ,   0 ,   0 ,   0 ,   0 ,   0 ,   0 ,0 ,   0 ,   0 ,1635 ,2344 ,1713 ,2590 ,2938
ShubbleYT          ,2626 ,1605 ,2562 ,1702 ,2447 ,2015 ,1376 ,1005 ,1684 ,2109 ,2150 ,1834 ,2001 ,1630 ,1218 ,1950 ,2089 ,1630 ,1600 ,1351 ,1589 ,1360 ,1580 ,1707 ,1574 ,1610 ,0 ,1698 ,1304 ,1763 ,   0 ,1525 ,   0 ,1911
Skeppy             ,   0 ,   0 ,   0 ,   0 ,   0 ,   0 ,   0 ,   0 ,   0 ,   0 ,   0 ,   0 ,   0 ,1402 ,   0 ,   0 ,   0 ,   0 ,   0 ,   0 ,   0 ,   0 ,   0 ,1979 ,   0 ,   0 ,0 ,   0 ,   0 ,   0 ,1566 ,   0 ,   0 ,1686
Slimecicle         ,   0 ,   0 ,   0 ,   0 ,   0 ,   0 ,   0 ,   0 ,   0 ,   0 ,   0 ,   0 ,   0 ,   0 ,   0 ,   0 ,   0 ,   0 ,1989 ,   0 ,   0 ,   0 ,   0 ,   0 ,   0 ,1214 ,0 ,   0 ,   0 ,   0 ,   0 ,   0 ,   0 ,   0
Smajor1995         ,2361 ,2567 ,2711 ,1950 ,2485 ,2375 ,2511 ,1801 ,2268 ,2752 ,2681 ,2400 ,2403 ,2721 ,2074 ,2348 ,2527 ,2660 ,1870 ,2056 ,1895 ,2448 ,2054 ,1607 ,1413 ,2205 ,0 ,2073 ,2151 ,2078 ,1798 ,2077 ,2375 ,2166
Smallishbeans      ,1943 ,2082 ,1898 ,   0 ,   0 ,1499 ,   0 ,2463 ,1670 ,2504 ,1768 ,2160 ,2066 ,   0 ,2246 ,2785 ,   0 ,1731 ,1643 ,   0 ,2580 ,2184 ,2291 ,1892 ,2609 ,2512 ,0 ,   0 ,2249 ,   0 ,   0 ,2065 ,1960 ,2561
Sneegsnag          ,   0 ,   0 ,   0 ,   0 ,   0 ,   0 ,   0 ,   0 ,   0 ,   0 ,   0 ,   0 ,   0 ,   0 ,   0 ,   0 ,1438 ,2504 ,2281 ,1505 ,1759 ,   0 ,2096 ,   0 ,   0 ,   0 ,0 ,2182 ,1636 ,   0 ,1593 ,2086 ,1888 ,   0
Snifferish         ,   0 ,   0 ,   0 ,   0 ,   0 ,   0 ,   0 ,   0 ,   0 ,   0 ,   0 ,   0 ,   0 ,   0 ,   0 ,   0 ,   0 ,   0 ,   0 ,   0 ,1657 ,1061 ,1559 ,   0 ,1431 ,1629 ,0 ,1014 , 801 ,1516 ,1934 ,1247 ,1388 ,   0
SolidarityGaming   ,2205 ,1508 ,2721 ,2097 ,2486 ,2216 ,1271 ,1748 ,1904 ,2313 ,1860 ,1970 ,   0 ,2099 ,1052 ,   0 ,2351 ,1829 ,2076 ,   0 ,1122 ,2046 ,1820 ,   0 ,1192 ,1323 ,0 ,2096 ,1347 ,2045 ,   0 ,2158 ,   0 ,2023
Spifey             ,   0 ,   0 ,   0 ,   0 ,   0 ,   0 ,   0 ,   0 ,1896 ,   0 ,   0 ,1679 ,   0 ,   0 ,   0 ,1882 ,   0 ,   0 ,   0 ,   0 ,   0 ,1490 ,   0 ,   0 ,   0 ,   0 ,0 ,   0 ,   0 ,   0 ,   0 ,   0 ,   0 ,   0
Steph0sims         ,   0 ,   0 , 390 ,   0 , 727 , 533 ,   0 ,   0 ,   0 ,   0 ,   0 ,   0 ,   0 ,   0 ,   0 ,   0 ,   0 ,   0 ,   0 ,   0 ,   0 ,   0 ,   0 ,   0 ,   0 ,   0 ,0 ,   0 ,   0 ,   0 ,   0 ,   0 ,   0 ,   0
sylvee_            ,   0 , 921 ,1513 ,   0 ,1277 ,1291 ,1769 ,1638 ,1606 ,1537 ,1053 ,   0 ,1641 ,1517 ,1399 ,2294 ,   0 ,2317 ,   0 ,   0 ,1900 ,1974 ,2188 ,2153 ,2324 ,2111 ,0 ,1981 ,   0 ,1596 ,1540 ,   0 ,1194 ,   0
TankMatt           ,1642 ,   0 ,   0 ,   0 ,   0 ,   0 ,   0 ,   0 ,   0 ,   0 ,   0 ,   0 ,   0 ,   0 ,   0 ,   0 ,   0 ,   0 ,   0 ,   0 ,   0 ,   0 ,   0 ,   0 ,   0 ,   0 ,0 ,   0 ,   0 ,   0 ,   0 ,   0 ,   0 ,   0
TapL               ,   0 ,   0 ,   0 ,   0 ,   0 ,   0 ,   0 ,2476 ,2051 ,2953 ,2776 ,2827 ,   0 ,2239 ,3268 ,2340 ,   0 ,2192 ,2087 ,2536 ,   0 ,1837 ,   0 ,2303 ,   0 ,1930 ,0 ,   0 ,   0 ,   0 ,   0 ,2126 ,   0 ,   0
TBNRfrags          ,   0 ,   0 ,   0 ,   0 ,   0 ,   0 ,   0 ,   0 ,   0 ,   0 ,   0 ,   0 ,   0 ,   0 ,2236 ,2126 ,   0 ,   0 ,   0 ,1886 ,   0 ,   0 ,   0 ,   0 ,   0 ,   0 ,0 ,   0 ,   0 ,   0 ,   0 ,   0 ,   0 ,1165
TeanaKitten        ,   0 ,   0 ,   0 ,   0 ,   0 ,   0 ,   0 ,   0 ,   0 ,   0 ,   0 ,   0 ,   0 ,   0 ,   0 ,   0 ,   0 ,   0 ,   0 ,   0 ,   0 , 898 ,1067 ,   0 ,   0 ,   0 ,0 ,   0 ,   0 ,   0 ,   0 ,   0 ,   0 ,   0
Technoblade        ,   0 ,3669 ,2753 ,4307 ,2707 ,2783 ,3174 ,2905 ,3519 ,3478 ,3112 ,   0 ,   0 ,   0 ,   0 ,   0 ,   0 ,   0 ,   0 ,   0 ,   0 ,   0 ,   0 ,   0 ,   0 ,   0 ,0 ,   0 ,   0 ,   0 ,   0 ,   0 ,   0 ,   0
The_Eret           ,1810 ,1805 ,1604 ,   0 ,1825 ,1518 ,2516 ,1559 ,1529 ,2024 ,   0 ,   0 ,1998 ,1671 ,   0 ,   0 ,1486 ,   0 ,1987 ,1140 ,   0 , 840 ,1675 ,   0 ,1392 ,1139 ,0 ,   0 ,   0 ,   0 ,1422 ,1752 ,   0 ,1959
TommyInnit         ,   0 ,3685 ,2530 ,3010 ,2257 ,2314 ,1997 ,2086 ,2751 ,1474 ,2879 ,2225 ,2338 ,2619 ,2116 ,1830 ,2188 ,2157 ,2829 ,1907 ,2481 ,2371 ,2445 ,2784 ,   0 ,1723 ,0 ,2732 ,   0 ,1659 ,   0 ,   0 ,1367 ,   0
ToxxxicSupport     ,   0 , 856 , 824 ,   0 ,   0 ,   0 ,   0 ,   0 ,   0 ,   0 ,   0 ,   0 ,   0 ,   0 ,   0 ,   0 ,   0 ,   0 ,   0 ,   0 ,   0 ,   0 ,   0 ,   0 ,   0 ,   0 ,0 ,   0 ,   0 ,   0 ,   0 ,   0 ,   0 ,   0
Tubbo_             ,   0 ,   0 ,   0 ,   0 ,   0 ,   0 ,   0 ,   0 ,2351 ,1578 ,1803 ,2359 ,2688 ,2553 ,2312 ,2263 ,2090 ,2679 ,2373 ,1987 ,2280 ,1743 ,   0 ,2063 ,1968 ,2296 ,0 ,2716 ,1965 ,1939 ,   0 ,2189 ,1864 ,2123
VapeKit            ,   0 ,   0 ,   0 ,   0 ,   0 ,   0 ,   0 ,   0 ,   0 ,1471 ,   0 ,   0 ,   0 ,   0 ,   0 ,   0 ,   0 ,   0 ,   0 ,   0 ,   0 ,   0 ,   0 ,   0 ,   0 ,   0 ,0 ,   0 ,   0 ,   0 ,   0 ,   0 ,   0 ,   0
vGumiho            ,   0 ,   0 ,   0 ,   0 ,   0 ,   0 ,   0 ,   0 ,   0 ,   0 ,   0 ,   0 ,   0 ,   0 ,   0 ,   0 ,1367 ,1627 ,2280 ,1136 ,1541 ,   0 ,1264 ,   0 ,1421 ,1468 ,0 ,   0 ,1159 ,1953 ,   0 ,   0 ,1613 ,2003
Vikkstar123        ,2825 ,3643 ,3123 ,3014 ,2660 ,   0 ,   0 ,   0 ,   0 ,   0 ,   0 ,   0 ,   0 ,2429 ,   0 ,   0 ,   0 ,   0 ,   0 ,   0 ,   0 ,   0 ,   0 ,   0 ,   0 ,   0 ,0 ,   0 ,   0 ,   0 ,   0 ,   0 ,   0 ,1144
Vixella            , 626 , 752 , 745 , 957 , 897 ,   0 , 909 ,   0 ,   0 , 955 ,   0 ,   0 , 564 ,   0 ,   0 , 596 ,1637 ,   0 , 594 ,   0 ,   0 ,   0 ,   0 ,   0 ,   0 ,   0 ,0 , 702 ,   0 ,   0 ,   0 ,   0 ,   0 ,   0
VoiceoverPete      ,   0 ,   0 ,1160 ,   0 , 857 ,   0 ,   0 ,   0 ,   0 ,   0 ,   0 ,   0 ,   0 ,   0 ,   0 ,   0 ,   0 ,   0 ,   0 ,   0 ,   0 ,   0 ,   0 ,   0 ,   0 ,   0 ,0 ,   0 ,   0 ,   0 ,   0 ,   0 ,   0 ,   0
Wahzdah            ,1599 ,   0 ,   0 ,   0 ,   0 ,   0 ,   0 ,   0 ,   0 ,   0 ,   0 ,   0 ,   0 ,   0 ,   0 ,   0 ,   0 ,   0 ,   0 ,   0 ,   0 ,   0 ,   0 ,   0 ,   0 ,   0 ,0 ,   0 ,   0 ,   0 ,   0 ,   0 ,   0 ,   0
Wallibear          ,   0 ,   0 ,   0 ,   0 ,   0 ,   0 ,   0 ,   0 ,   0 ,   0 ,   0 ,   0 ,   0 ,   0 ,   0 ,   0 ,   0 ,   0 ,   0 ,   0 ,   0 ,   0 ,   0 ,   0 ,   0 ,   0 ,0 ,   0 ,   0 ,   0 ,2664 ,2196 ,1910 ,2422
WilburSoot         ,1657 ,2447 ,1770 ,2129 ,2021 ,2139 ,2290 ,2283 ,1978 ,1916 ,2178 ,2211 ,1967 ,1431 ,2251 ,2002 ,2445 ,2170 ,1652 ,1463 ,1650 ,1806 ,1336 ,1610 ,1450 ,1556 ,0 ,   0 ,   0 ,   0 ,   0 ,   0 ,   0 ,   0
Wisp               ,   0 ,   0 ,   0 ,   0 ,   0 ,   0 ,   0 ,   0 ,   0 ,   0 ,   0 ,1937 ,2048 ,2447 ,2066 ,   0 ,1350 ,1771 ,2176 ,   0 ,   0 ,1980 ,   0 ,   0 ,   0 ,   0 ,0 ,   0 ,   0 ,   0 ,   0 ,   0 ,   0 ,   0
Wolv21             ,1643 ,   0 ,   0 ,   0 ,   0 ,   0 ,   0 ,   0 ,   0 ,   0 ,   0 ,   0 ,   0 ,   0 ,   0 ,   0 ,   0 ,   0 ,   0 ,   0 ,   0 ,   0 ,   0 ,   0 ,   0 ,   0 ,0 ,   0 ,   0 ,   0 ,   0 ,   0 ,   0 ,   0
yammy_xox          ,1484 ,   0 ,   0 ,1582 ,   0 ,   0 ,   0 ,   0 ,   0 ,   0 ,   0 ,   0 ,   0 ,   0 ,   0 ,   0 ,   0 ,   0 ,   0 ,   0 ,   0 ,   0 ,   0 ,   0 ,   0 ,   0 ,0 ,   0 ,   0 ,   0 ,   0 ,   0 ,   0 ,   0
Yeetdaisie         ,   0 ,   0 ,   0 ,   0 ,   0 ,   0 ,   0 ,   0 ,   0 , 819 ,   0 ,   0 ,   0 ,   0 ,   0 ,   0 ,   0 ,   0 ,   0 ,   0 ,   0 ,   0 ,   0 ,   0 ,   0 ,   0 ,0 ,   0 ,   0 ,   0 ,   0 ,   0 ,   0 ,   0